{
  "mapFile": "/maps/20250313_114639.png",
  "scaled": true,
  "sP": {
    "p1": {
      "x": 1195.7363868842942,
      "y": 1573.0771763925018
    },
    "p2": {
      "x": 3479.1041000166233,
      "y": 4210.195768773245
    },
    "dist": 3488.2893491875575
  },
  "scale": 0.33206343206681405,
  "cP": [],
  "rP": []
}