{
  "mapFile": "/maps/20250313_180335.png",
  "scaled": true,
  "sP": {
    "p1": {
      "x": 163,
      "y": 445
    },
    "p2": {
      "x": 1928.836726162073,
      "y": 874.117311949063
    },
    "dist": 1817.2289373871356
  },
  "scale": 0.45857366465423127,
  "cP": [
    {
      "start": {
        "x": 265.4127033872327,
        "y": 43.94441941138381
      },
      "ziel": {
        "x": 265.4127033872327,
        "y": -137.07158058861629
      },
      "route": []
    },
    {
      "start": {
        "x": 265.4127033872327,
        "y": -137.07158058861629
      },
      "ziel": {
        "x": 72.41770338723255,
        "y": -143.72658058861632
      },
      "route": []
    },
    {
      "start": {
        "x": 72.41770338723255,
        "y": -143.72658058861632
      },
      "ziel": {
        "x": 75.07970338723256,
        "y": 38.62041941138381
      },
      "route": []
    },
    {
      "start": {
        "x": 75.07970338723256,
        "y": 38.62041941138381
      },
      "ziel": {
        "x": 265.4127033872327,
        "y": 45.27541941138381
      },
      "route": []
    }
  ]
}